YEAR,ANNUAL_TEMP,ANNUAL_RAINFALL,POPULATION_DENSITY,DISEASE_COUNT
2000,26.5,560,325,78
2001,24.21771516,573.519098,332,46
2002,24.67675256,592.8732847,334,74
2003,24.89233788,616.4426021,338,100
2004,27.12495499,647.3688674,340,173
2005,24.05386543,661.6883603,345,118
2006,24.80528967,684.797327,346,152
2007,23.37672949,718.1087419,350,145
2008,25.79906128,735.5865859,352,217
2009,26.93780428,775.3299779,360,287
2010,25.16328897,789.0874157,362,262
